-- phpMyAdmin SQL Dump
-- version 4.8.3
-- https://www.phpmyadmin.net/
--
-- Host: localhost:8889
-- Generation Time: Nov 27, 2018 at 05:12 PM
-- Server version: 5.7.23
-- PHP Version: 7.2.8

SET SQL_MODE = "NO_AUTO_VALUE_ON_ZERO";
SET time_zone = "+00:00";

--
-- Database: `ssru`
--

-- --------------------------------------------------------

--
-- Table structure for table `tbl_faculty`
--

CREATE TABLE `tbl_faculty` (
  `fac_id` int(11) NOT NULL,
  `fac_name` varchar(50) NOT NULL
) ENGINE=InnoDB DEFAULT CHARSET=utf8;

--
-- Dumping data for table `tbl_faculty`
--

INSERT INTO `tbl_faculty` (`fac_id`, `fac_name`) VALUES
(1, 'Faculty of Education'),
(2, 'Faculty of Science and Technology'),
(3, 'Faculty of Management'),
(4, 'Faculty of Human'),
(5, 'Faculty of Industrial Technology'),
(6, 'Faculty of Art Objects'),
(7, 'Masters Degree Program'),
(8, 'College of Logistics and Supply Chain'),
(9, 'College of Innovation and Management'),
(10, 'College of Architecture'),
(11, 'International College'),
(12, 'College of Nursing and Health'),
(13, 'Suan Sunandha International School of Art'),
(14, 'College of Allied Health Sciences');

-- --------------------------------------------------------

--
-- Table structure for table `tbl_major`
--

CREATE TABLE `tbl_major` (
  `maj_id` int(11) NOT NULL,
  `maj_name` varchar(150) NOT NULL,
  `maj_facultyid` int(11) NOT NULL
) ENGINE=InnoDB DEFAULT CHARSET=utf8;

--
-- Dumping data for table `tbl_major`
--

INSERT INTO `tbl_major` (`maj_id`, `maj_name`, `maj_facultyid`) VALUES
(1101, 'Education (Thai)', 1),
(1102, 'Education (English)', 1),
(1103, 'Education (Mathematics)', 1),
(1104, 'Education (Early Childhood Education)', 1),
(1105, 'Educational Technology and Innovation', 1),
(1106, 'Education (Science)', 1),
(1107, 'Educational Innovation and Technology', 1),
(1108, 'Social Studies', 1),
(1109, 'Thai', 1),
(1110, 'English', 1),
(1111, 'Mathematics', 1),
(1112, 'Early Childhood Education', 1),
(1113, 'General Science', 1),
(1114, 'Educational Technology and Computer', 1),
(1701, 'Teaching Profession', 1),
(1702, 'Educational Administration', 1),
(1189, 'Health Education', 2),
(2201, 'Computer Science', 2),
(2202, 'Information Technology', 2),
(2203, 'Home Economics', 2),
(2204, 'Food Industry and Service', 2),
(2205, 'Food Science and Technology', 2),
(2206, 'Microbiology', 2),
(2207, 'Physics', 2),
(2208, 'Chemistry', 2),
(2209, 'Environmental Science', 2),
(2210, 'Applied Thai Traditional Medicine', 2),
(2211, 'Health Science (Young Child Care)', 2),
(2212, 'Applied Biology', 2),
(2213, 'Informatics Mathematics', 2),
(2214, 'Biotechnology', 2),
(2215, 'Applied Statistics', 2),
(2217, 'Health Science (The Elderly Care)', 2),
(2219, 'Applied Statistics (Information Technology Management)', 2),
(2220, 'Applied Statistics (Financial Business Statistics)', 2),
(2221, 'Applied Statistics (Quality Management)', 2),
(2222, 'Computer Sciences (Database Management)', 2),
(2223, 'Computer Sciences (Multimedia)', 2),
(2224, 'Biology', 2),
(2225, 'Industrial Microbiology', 2),
(2226, 'Applied  Physics', 2),
(2227, 'Aesthetic Health Science', 2),
(2228, 'Sport Science and Health', 2),
(2229, 'Forensic Science', 2),
(3818, 'Science Education (Biology)', 2),
(3819, 'Science Education (Chemistry)', 2),
(3820, 'Science Education (Physics)', 2),
(3301, 'Communication Arts (Journalism)', 3),
(3302, 'Communication Arts (Public Relations)', 3),
(3303, 'Communication Arts (Advertising)', 3),
(3304, 'Communication Arts (Broadcasting and Television)', 3),
(3305, 'Communication Arts (Still Photography and Motion Pictures)', 3),
(3306, 'Communication Arts (Radio  Broadcasting)', 3),
(3307, 'Communication Arts (Television Broadcasting)', 3),
(3308, 'Communication Arts (Cinematography)', 3),
(3309, 'Communication Arts (Performing Arts Communication)', 3),
(3310, 'Communication Arts (Marketing Communication)', 3),
(3311, 'Animation and Multimedia', 3),
(3312, 'New Media Broadcasting', 3),
(3313, 'Journalism and Information Technology', 3),
(3314, 'Public Relations and Corporate Communication', 3),
(3315, 'Advertising and Marketing Communication', 3),
(3316, 'Radio Broadcasting', 3),
(3317, 'Television Broadcasting', 3),
(3318, 'Film and Performing Arts', 3),
(3319, 'New Media Communication', 3),
(3320, 'Communication Arts (Journalism and Information Technology)', 3),
(3321, 'Communication Arts (Public Relations and Corporate Communication)', 3),
(3322, 'Communication Arts (Advertising and Marketing Communication)', 3),
(3323, 'Communication Arts (Radio Broadcasting)', 3),
(3324, 'Communication Arts (Television Broadcasting)', 3),
(3325, 'Communication Arts (Films)', 3),
(3326, 'Communication Arts (Animation and Multimedia)', 3),
(3327, 'Communication Arts (New Media Communication)', 3),
(3328, 'Communication Arts (Radio and Television)', 3),
(3329, 'Communication Arts (Films and Digital Media)', 3),
(7301, 'Business Economics', 3),
(7310, 'Business Administration (Human Resource Management)', 3),
(7311, 'Business  Administration (Accounting)', 3),
(7312, 'Business  Administration (Finance and Banking)', 3),
(7313, 'Business  Administration (Marketing)', 3),
(7314, 'Business  Administration (Business Computer)', 3),
(7315, 'Business  Administration (International Business Practice)', 3),
(7316, 'Business  Administration (Quality Management)', 3),
(7317, 'Business Service Management', 3),
(7318, 'Entrepreneurship', 3),
(7325, 'Human Resource Management', 3),
(7326, 'Finance and Banking', 3),
(7327, 'Marketing', 3),
(7328, 'Business Computer', 3),
(7329, 'International Business', 3),
(7336, 'Business Administration (Business Service Managemet)', 3),
(7337, 'Business Administration (Business Service Managemet)', 3),
(7338, 'Business Economics', 3),
(8301, 'Accountancy', 3),
(8302, 'Accountancy', 3),
(2401, 'Geography and Geo-Informatics', 4),
(3401, 'Thai', 4),
(3402, 'English', 4),
(3403, 'Chinese', 4),
(3404, 'Japanese', 4),
(3405, 'Business English', 4),
(3406, 'Library and Information Science', 4),
(3407, 'Cultural Management', 4),
(3408, 'French', 4),
(3420, 'Tourism Industry (Japanese)', 4),
(3421, 'Tourism Industry (Chinese)', 4),
(3422, 'Tourism Industry (French)', 4),
(3423, 'Hotel and Lodging Business Management', 4),
(3424, 'Social Innovation Management', 4),
(3425, 'Information Management', 4),
(3430, 'Public Administration (Public Administration)', 4),
(3431, 'Public Administration (Local Government)', 4),
(3432, 'Public Administration (Justice Administration)', 4),
(3434, 'Tourism  Industry', 4),
(3435, 'Community Development', 4),
(3436, 'Public Administration (Pubilic and Private Sector Administration)', 4),
(3437, 'Public Administration (Philosophy of Sufficiency Economy for Strategy Development)', 4),
(3438, 'Local Government', 4),
(3440, 'Law', 4),
(3443, 'Tourism Industry and Hospitality Management (Travel Agency)', 4),
(3444, 'Tourism Industry and Hospitality Management (Health Tourism)', 4),
(3445, 'Tourism Industry and Hospitality Management (Airline Business)', 4),
(3446, 'Tourism Industry and Hospitality Management (Tourism Attraction Management)', 4),
(3447, 'Tourism Industry and Hospitality Management (MICE', 4),
(3448, 'Public Administration', 4),
(3449, 'Tourism Industry and Hospitality Management', 4),
(3450, 'Police Administration', 4),
(3456, 'Information Science (Information Studies)', 4),
(3457, 'Information Science (Management Information System)', 4),
(3458, 'Tourism Industry and Hospitality Management', 4),
(3459, 'Tourism Industry and Hospitality Management', 4),
(3460, 'Tourism Industry and Hospitality Management', 4),
(3461, 'Tourism Industry and Hospitality Management', 4),
(3462, 'Social and Cultural Management (Social Development Management)', 4),
(3463, 'Social and Cultural Management (Cultural Management)', 4),
(3464, 'Public Administration (Local Government)', 4),
(3465, 'Public Administration (Public Administration)', 4),
(3466, 'Public Administration (Public and Private Sector Management)', 4),
(3467, 'Information Science (Information Studies)', 4),
(3468, 'Information Science (Management Information System)', 4),
(3469, 'Tourism Industry and Hospitality Management', 4),
(3470, 'Tourism Industry and Hospitality Management', 4),
(3809, 'Public Administration (Public and Private Management)', 4),
(3810, 'Public Administration (Local Government Management)', 4),
(3811, 'Public Administration (Philosophy of Sufficiency Economy)', 4),
(3823, 'Public Administration (Public Administration)', 4),
(3824, 'Public Administration (Public and Private Management)', 4),
(3828, 'Tourism and Hospitality Management', 4),
(1449, 'Industrial Technology', 5),
(2501, 'Industrial Design', 5),
(2502, 'Industrial Management', 5),
(2503, 'Technology Computer Application in Architecture', 5),
(2504, 'Printing Technology', 5),
(2505, 'Safety Technology and Occupational Health', 5),
(2506, 'Building Management', 5),
(2507, 'Graphic and Multimedia Design', 5),
(2508, 'Industrial Electrical Technology', 5),
(2509, 'Electronic Technology', 5),
(2510, 'Industrial Technology (Electricity Technology  )', 5),
(2511, 'Industrial Technology (Electronical Technology)', 5),
(2512, 'Industrial Technology (Industrial Management Technology)', 5),
(2513, 'Industrial Technology (Architectural Technology)', 5),
(2514, 'Industrial Technology (Interior Architecture Technology)', 5),
(2515, 'Industrial Management', 5),
(2516, 'Electronical Technology', 5),
(2517, 'Industrial Electricity Technology', 5),
(2518, 'Printing and Packaging Design', 5),
(2519, 'Computer  Engineering', 5),
(2520, 'Interior and Exhibition Design', 5),
(2521, 'Facility Management', 5),
(2522, 'Metrology and Quality System', 5),
(2524, 'Industrial Design', 5),
(2525, 'Graphic and Multimedia Design', 5),
(2526, 'Printing Industrial (Printing Technology)', 5),
(2527, 'Printing Industrial (Printing Design)', 5),
(2528, 'Printing Industrial (Printing Industrial Management )', 5),
(2529, 'Electrical Technology (Electrical Industrial Technology)', 5),
(2530, 'Electrical Technology (Electronic Technology)', 5),
(2531, 'Electrical Technology (Energy Technology)', 5),
(2532, 'Industrial Design (Industrial Design)', 5),
(2533, 'Industrial Design (Innovation Desing and Creative Economy)', 5),
(2534, 'Calibration of Measuring Instrument', 5),
(2535, 'Printing Industrial', 5),
(2536, 'Electrical Technology', 5),
(1094, 'Fine and Applied Arts', 6),
(3601, 'Music (Thai Music)', 6),
(3602, 'Music (Western Music)', 6),
(3610, 'Classical Dance and Drama (Thai Classical Dance)', 6),
(3611, 'Classical Dance and Drama (Theater)', 6),
(3612, 'Performing Arts (Western Dance)', 6),
(3613, 'Performing Arts (Thai Dance)', 6),
(3614, 'Performing Arts (Theatre Arts)', 6),
(3806, 'Performing Arts', 6),
(6601, 'Painting', 6),
(6602, 'Design (Fashion Design)', 6),
(6603, 'Design (Visual Communication Design)', 6),
(6604, 'Design (Creative Crafts Design)', 6),
(6605, 'Design (Creative Crafts Design)', 6),
(6606, 'Visual Communication Design', 6),
(6607, 'Fashion Design', 6),
(6608, 'Crafts Product Design', 6),
(6611, 'Music', 6),
(6612, 'Performing Arts (Western Dance)', 6),
(6613, 'Performing Arts (Thai Dance)', 6),
(6614, 'Performing Arts (Theatre Arts)', 6),
(6615, 'Creative Products Design', 6),
(1701, 'Teaching Profession', 7),
(1702, 'Educational Administration', 7),
(1801, 'Quality Management', 7),
(1802, 'Educational Administration', 7),
(1803, 'Curriculum and Instruction', 7),
(1804, 'Instructional Design', 7),
(2801, 'Quality Management', 7),
(2802, 'Technology Management', 7),
(2803, 'Informatics Mathematics Education', 7),
(2804, 'Pollution Control and Management', 7),
(2805, 'Forensic Science', 7),
(2806, 'Health Service Management', 7),
(2807, 'Applied Thai Traditional Medicine', 7),
(2809, 'Environmental Management', 7),
(2810, 'Environmental Management (Industrial Environmental Management)', 7),
(3801, 'General Management', 7),
(3802, 'Local Government', 7),
(3803, 'Linguistics', 7),
(3804, 'Philosophy of Sufficiency Economy Management', 7),
(3805, 'Adminstration for Sustainable Development', 7),
(3806, 'Performing Arts', 7),
(3807, 'Teaching Chinese', 7),
(3809, 'Public Administration (Public and Private Management)', 7),
(3812, 'Linguistics (Teaching English as a Foreign Language)', 7),
(3813, 'Linguistics (Thai Linguistics)', 7),
(3814, 'Linguistics (Applied Linguistics Translation)', 7),
(3816, 'Public Policy', 7),
(3817, 'Sport Management Innovation', 7),
(3821, 'Public Law', 7),
(3822, 'ASEAN Political Economy', 7),
(3826, 'Philosophy and Ethics', 7),
(3827, 'Development Administration', 7),
(4901, 'Development Administration (Political Development)', 7),
(4902, 'Development Administration (Social Development)', 7),
(4903, 'Development Administration (Administration in specific field)', 7),
(4904, 'Development Administration (Chief Executive Administration)', 7),
(4905, 'Development Administration (Educational Administration)', 7),
(4906, 'Development Administration (Criminal Justice Administration)', 7),
(4907, 'Development Administration (Research Methodology)', 7),
(4908, 'Development Administration (Counseling Psychology)', 7),
(4909, 'Development Administration (Quality Management)', 7),
(4910, 'Development Administration (Business Administration )', 7),
(4911, 'Development Administration (Business Administration )', 7),
(4912, 'Development Administration (Business Administration )', 7),
(4913, 'Development Administration (Business Administration )', 7),
(4914, 'Development Administration (Education for Locality Development)', 7),
(4915, 'Development Administration (Criminal Justice  Administration)', 7),
(4916, 'Development Administration (Public and Private Administration)', 7),
(4917, 'Development Administration', 7),
(4920, 'Management (Marketing Management)', 7),
(4921, 'Management (Human Resource Management)', 7),
(4922, 'Management (Financial  Management)', 7),
(4924, 'Business Administration', 7),
(4930, 'Linguistics', 7),
(4934, 'Philosophy and Ethics', 7),
(4935, 'Linguistics (Teaching English as a Foreign Language)', 7),
(4936, 'Linguistics (Thai Linguistics)', 7),
(4937, 'Linguistics (Applied Linguistics Translation)', 7),
(4938, 'Forensic Science', 7),
(4939, 'Applied Thai Traditional Medicine', 7),
(4943, 'Educational Administration', 7),
(7801, 'Business Administration (General Management)', 7),
(7802, 'Business Administration (Marketing)', 7),
(7804, 'Business Administration (Accounting)', 7),
(7809, 'Business Administration', 7),
(4923, 'Logistics and Supply  Chain Management', 8),
(7321, 'Logistics Management', 8),
(7324, 'Maritime Business', 8),
(7331, 'Retail Management', 8),
(7332, 'Restaurant Chain Management', 8),
(7333, 'Global Supply Chain Management (International Program)', 8),
(7334, 'Transportation Management', 8),
(7339, 'Business Supply Chain Management (Maritime Management)', 8),
(7340, 'Business Supply Chain Management (Retail Management)', 8),
(7341, 'Business Supply Chain Management (Food and Service Supply Chain Management)', 8),
(7342, 'Business Supply Chain Management (Transportation Management)', 8),
(7343, 'Business Supply Chain Management (Air Cargo Logistics Management)', 8),
(7344, 'Logistics Management (International Program)', 8),
(7345, 'Logistics Management', 8),
(7346, 'Logistics Management', 8),
(7347, 'Logistics Management', 8),
(7803, 'Strategic Logistics Management', 8),
(7806, 'Strategic Logistics and Supply  Chain Management', 8),
(7808, 'Logistics and Supply  Chain Management', 8),
(1701, 'Teaching Profession', 9),
(1802, 'Educational Administration', 9),
(2515, 'Industrial Management', 9),
(2801, 'Quality Management', 9),
(2901, 'Information and Communication Technology for Marketing', 9),
(3403, 'Chinese', 9),
(3431, 'Public Administration (Local Governance)', 9),
(3432, 'Public Administration (Justice Administration)', 9),
(3436, 'Public Administration (Pubilic and Private Sector Administration)', 9),
(3437, 'Public Administration (Philosophy of Sufficiency Economy for Strategy Development)', 9),
(3438, 'Local Government', 9),
(3439, 'Fiscal Management', 9),
(3440, 'Law', 9),
(3448, 'Public Administration', 9),
(3451, 'Political Science', 9),
(3801, 'General Management', 9),
(3802, 'Local Government', 9),
(3804, 'Philosophy of Sufficiency Economy Management', 9),
(3808, 'Political Science (Politics and Government)', 9),
(3825, 'Politics and Government', 9),
(3829, 'Management Innovation', 9),
(4931, 'Innovative Management (Policy and strategy Innovative)', 9),
(4932, 'Innovative Management (Public Innovative Management)', 9),
(4933, 'Innovative Management (Business Innovative Management)', 9),
(4940, 'Educational Management Innovation (Policy and Strategy Management Innovation)', 9),
(4941, 'Educational Management Innovation (Curriculum and Instruction Management Innovation)', 9),
(4942, 'Educational Management Innovation (Learning Resource and Technology Management Innovation)', 9),
(4944, 'Politics and Government', 9),
(4945, 'Innovative Management', 9),
(5801, 'Security  Management', 9),
(7310, 'Business Administration (Huma Resource Management)', 9),
(7316, 'Business  Administration (Quality Management)', 9),
(7321, 'Logistics Management', 9),
(7322, 'Management Information System for Business', 9),
(7323, 'Quality Management', 9),
(7324, 'Maritime Business', 9),
(7335, 'Human Capital and Organization Management', 9),
(7801, 'Business Administration (General Management)', 9),
(7803, 'Strategic Logistics Management', 9),
(7804, 'Business Administration (Accounting)', 9),
(7805, 'Innovation Entrepreneurship', 9),
(7807, 'Occupational Football Management', 9),
(2523, 'Architecture', 10),
(2537, 'Construction Management', 10),
(1703, 'Teaching Mathematics and Science Education (International Program)', 11),
(3433, 'Tourism Industry (International Program)', 11),
(3441, 'Restaurant and Lodging Business (International Program)', 11),
(3442, 'Airline Business (International Program)', 11),
(3452, 'Tourism  Management (International Program)', 11),
(3453, 'Restaurant Business (International Program)', 11),
(3454, 'Hotel and Hospitality Management (Hotel Management) (International Program)', 11),
(3455, 'Hotel and Hospitality Management (Hotel Management) (International Program)', 11),
(3815, 'Mathematics Education (International Program)', 11),
(7319, 'International Business (International Program)', 11),
(7320, 'Hospitality and Tourism Management (International Program)', 11),
(2230, 'Nursing Science', 12),
(2231, 'Practical Nurse', 12),
(2238, 'Practical Nursing Certificate Program', 12),
(9301, 'Film Production (International Program)', 13),
(9302, 'Creativity and Digital Media (International Program)', 13),
(2210, 'Applied Thai Traditional Medicine', 14),
(2211, 'Health Science (Young Child Care )', 14),
(2216, 'Health Science', 14),
(2227, 'Aesthetic Health Science', 14),
(2228, 'Sport Science and Health', 14),
(2232, 'Public Health', 14),
(2233, 'Health Science (Child Health Care)', 14),
(2234, 'Health Science (The Elderly Health Care)', 14),
(2235, 'Health Science (Beauty and Health Care)', 14),
(2236, 'Secretary of Public Health and Medical Profession', 14),
(2237, 'Traditional Chinese Medicine', 14);

-- --------------------------------------------------------

--
-- Table structure for table `tbl_student`
--

CREATE TABLE `tbl_student` (
  `stu_id` varchar(20) NOT NULL,
  `stu_fname` varchar(50) NOT NULL,
  `stu_lname` varchar(50) NOT NULL,
  `stu_citizenid` varchar(13) NOT NULL,
  `stu_birthday` date NOT NULL,
  `stu_facultyid` int(11) NOT NULL,
  `stu_majorid` int(11) NOT NULL,
  `stu_address` varchar(100) NOT NULL,
  `stu_phonenumber` varchar(10) NOT NULL,
  `stu_email` varchar(50) NOT NULL,
  `stu_key` varchar(50) NOT NULL
) ENGINE=InnoDB DEFAULT CHARSET=utf8;

--
-- Dumping data for table `tbl_student`
--

INSERT INTO `tbl_student` (`stu_id`, `stu_fname`, `stu_lname`, `stu_citizenid`, `stu_birthday`, `stu_facultyid`, `stu_majorid`, `stu_address`, `stu_phonenumber`, `stu_email`, `stu_key`) VALUES
('58122202001', 'Mongkon', 'Srisin', '0000000000000', '1996-10-28', 2, 2202, 'Bangkok', '0891234567', 's58122202001@ssru.ac.th', '6ayg7Eai2OjDuFRS'),
('58122202002', 'Titiwat', 'Archinwat', '0000000000000', '1997-02-02', 2, 2202, 'Bangkok', '0891234567', 's58122202002@ssru.ac.th', 'dH03jWMht2IHfnt8'),
('58122202003', 'Takdanai', 'Deansavang', '0000000000000', '1996-07-10', 2, 2202, 'Bangkok', '0891234567', 's58122202003@ssru.ac.th', 'GI3ioI92EkW6ICz4'),
('58122202004', 'Samroeng', 'Thongon', '0000000000000', '1996-07-07', 2, 2202, 'Bangkok', '0891234567', 's58122202004@ssru.ac.th', 'EQJKIyxbJSv0HyAU'),
('58122202005', 'Bhuwamitr', 'Tiwawilai', '0000000000000', '1997-06-30', 2, 2202, 'Bangkok', '0891234567', 's58122202005@ssru.ac.th', 'e2BRGD99BJ8IANSK'),
('58122202006', 'Jatupon', 'Autchor', '0000000000000', '1997-02-11', 2, 2202, 'Bangkok', '0891234567', 's58122202006@ssru.ac.th', 'JUWL201hMw65QDTe'),
('58122202007', 'Keerakiat', 'Kanchanawas', '0000000000000', '1996-09-08', 2, 2202, 'Bangkok', '0891234567', 's58122202007@ssru.ac.th', '9aUMtHNWmgXwKVrE'),
('58122202009', 'Noppakorn', 'Witchaya', '0000000000000', '1994-12-19', 2, 2202, 'Bangkok', '0891234567', 's58122202009@ssru.ac.th', 'G4xG8Wi840uUOKDo'),
('58122202012', 'Ronnaporn', 'Pewnuon', '0000000000000', '1995-06-28', 2, 2202, 'Bangkok', '0891234567', 's58122202012@ssru.ac.th', 'rFZkP4SOwhRmH2Za'),
('58122202013', 'Sojirut', 'Chomchure', '0000000000000', '1996-08-27', 2, 2202, 'Bangkok', '0891234567', 's58122202013@ssru.ac.th', 'DJGpEdEUkEnYuMLs'),
('58122202014', 'Patchara', 'Suwanbordin', '0000000000000', '1997-02-06', 2, 2202, 'Bangkok', '0891234567', 's58122202014@ssru.ac.th', '7ZDlgHrx9QxsJn0K'),
('58122202018', 'Wongsatorn', 'Wittayawarawat', '0000000000000', '1996-05-13', 2, 2202, 'Bangkok', '0891234567', 's58122202018@ssru.ac.th', 'V7F5DHRaVoH6Z6yR'),
('58122202020', 'Adisorn', 'Homthong', '0000000000000', '1997-04-06', 2, 2202, 'Bangkok', '0891234567', 's58122202020@ssru.ac.th', '3I1LlHNH4jwvpEvU'),
('58122202022', 'Kanoksak', 'Promdee', '0000000000000', '1996-11-29', 2, 2202, 'Bangkok', '0891234567', 's58122202022@ssru.ac.th', 'vzgHQYt18sosaIfB'),
('58122202023', 'Nantakon', 'Keawrachyang', '0000000000000', '1996-12-02', 2, 2202, 'Bangkok', '0891234567', 's58122202023@ssru.ac.th', 'OqsLl2a1OO6qATWz'),
('58122202024', 'Nattayaporn', 'Phonthittakun', '0000000000000', '1997-05-14', 2, 2202, 'Bangkok', '0891234567', 's58122202024@ssru.ac.th', 'fqIQxq1D48f9sXKs'),
('58122202025', 'Putthiniphat', 'Youmonthirn', '0000000000000', '1997-02-28', 2, 2202, 'Bangkok', '0891234567', 's58122202025@ssru.ac.th', 'C9JPDkwiVh2CtfaT'),
('58122202027', 'Vittaya', 'Boonyanusit', '0000000000000', '1996-11-30', 2, 2202, 'Bangkok', '0891234567', 's58122202027@ssru.ac.th', 'Pn5603F28xhWilbp'),
('58122202028', 'Petch', 'Tussanaphum', '0000000000000', '1996-03-12', 2, 2202, 'Bangkok', '0891234567', 's58122202028@ssru.ac.th', 'mFhStZMsfWoFAUu2'),
('58122202029', 'Chaiwat', 'Khajornsajjanan', '0000000000000', '1997-01-23', 2, 2202, 'Bangkok', '0891234567', 's58122202029@ssru.ac.th', 'KeZIyQ61rLj3HMuB'),
('58122202030', 'Iisiwat', 'Nasomyon', '0000000000000', '1996-11-02', 2, 2202, 'Bangkok', '0891234567', 's58122202030@ssru.ac.th', 'bibUPcKN73brbuPx'),
('58122202031', 'Anuntapong', 'Aumporn', '0000000000000', '1996-12-08', 2, 2202, 'Bangkok', '0891234567', 's58122202031@ssru.ac.th', 'HdC6weFV4n6mcStw'),
('58122202032', 'Jarupong', 'Pawichpongkul', '0000000000000', '1997-04-10', 2, 2202, 'Bangkok', '0891234567', 's58122202032@ssru.ac.th', '4loEHmJ5PFUVYnyg'),
('58122202033', 'Game', 'Phumwithayawat', '0000000000000', '1996-06-11', 2, 2202, 'Bangkok', '0891234567', 's58122202033@ssru.ac.th', '7eTIEmPDh3chENfp'),
('58122202034', 'Benjamat', 'Reangkrut', '0000000000000', '1997-02-17', 2, 2202, 'Bangkok', '0891234567', 's58122202034@ssru.ac.th', 'W4J5dnpNbRGXJ0m5'),
('58122202035', 'Chonnavee', 'Srivanvong', '0000000000000', '1996-11-30', 2, 2202, 'Bangkok', '0891234567', 's58122202035@ssru.ac.th', 'AY7qUZ5JWtQVCmNT'),
('58122202036', 'Supsun', 'Nammakhot', '0000000000000', '1996-10-05', 2, 2202, 'Bangkok', '0891234567', 's58122202036@ssru.ac.th', 'h9kbg50MeTj4cEAs'),
('58122202037', 'Ittiphol', 'Keangpapan', '0000000000000', '1996-10-07', 2, 2202, 'Bangkok', '0891234567', 's58122202037@ssru.ac.th', '0qnevhm1xXNuTQod'),
('58122202039', 'Anupap', 'Singrod', '0000000000000', '1997-04-15', 2, 2202, 'Bangkok', '0891234567', 's58122202039@ssru.ac.th', 'i7H3FIx8xFBStQbH'),
('58122202040', 'Pawarisa', 'Wecthakama', '0000000000000', '1996-09-25', 2, 2202, 'Bangkok', '0891234567', 's58122202040@ssru.ac.th', 'WZYXqtI9gaLvWem1'),
('58122202041', 'Suthathip', 'Jantamas', '0000000000000', '1996-12-28', 2, 2202, 'Bangkok', '0891234567', 's58122202041@ssru.ac.th', 'NE4fCSBvaCyccd7c'),
('58122202042', 'Pracharuk', 'Pongpatisonthi', '0000000000000', '1996-10-09', 2, 2202, 'Bangkok', '0891234567', 's58122202042@ssru.ac.th', 'WXKa0J1lck9mh8I7'),
('58122202044', 'Apiwat', 'Nantaprom', '0000000000000', '1997-08-16', 2, 2202, 'Bangkok', '0891234567', 's58122202044@ssru.ac.th', '32TrUrOVzOn4wRsX'),
('58122202045', 'Sarawut', 'Udomdetkachonkit', '0000000000000', '1995-12-08', 2, 2202, 'Bangkok', '0891234567', 's58122202045@ssru.ac.th', '9riT8utSIdQMNUNV'),
('58122202046', 'Kanyarat', 'Poomjan', '0000000000000', '1996-07-22', 2, 2202, 'Bangkok', '0891234567', 's58122202046@ssru.ac.th', 'D1YlE2ecZ8mCJyKT'),
('58122202047', 'Preem', 'Seesuk', '0000000000000', '1997-04-20', 2, 2202, 'Bangkok', '0891234567', 's58122202047@ssru.ac.th', 'W8kzALfkVeKLqHjt'),
('58122202048', 'Pawit', 'Chalermchaiporn', '0000000000000', '1997-06-25', 2, 2202, 'Bangkok', '0891234567', 's58122202048@ssru.ac.th', 'BFuZIWmnzawKp4hQ'),
('58122202050', 'Sutee', 'Hattakij', '0000000000000', '1997-01-03', 2, 2202, 'Bangkok', '0891234567', 's58122202050@ssru.ac.th', 'EjwxK8jGEU6fGtQn'),
('58122202052', 'Nakharin', 'Ditthaklue', '0000000000000', '1996-08-04', 2, 2202, 'Bangkok', '0891234567', 's58122202052@ssru.ac.th', 'mkzIJUoYkOQdWeWz'),
('58122202053', 'Nattapong', 'Khurema', '0000000000000', '1997-01-10', 2, 2202, 'Bangkok', '0891234567', 's58122202053@ssru.ac.th', 'fYCfVuxvZcoghyZc'),
('58122202054', 'Prapat', 'Mekkala', '0000000000000', '1996-08-01', 2, 2202, 'Bangkok', '0891234567', 's58122202054@ssru.ac.th', 'ImHEhKv8OAS4wPAu'),
('58122202056', 'Phennapha', 'Chaemchamrat', '0000000000000', '1996-11-17', 2, 2202, 'Bangkok', '0891234567', 's58122202056@ssru.ac.th', 'RUvNg5yifm6z6FFi'),
('58122202058', 'Sirapop', 'Sombutpiboon', '0000000000000', '1997-05-22', 2, 2202, 'Bangkok', '0891234567', 's58122202058@ssru.ac.th', 'NSqlxOVERpZEvtns'),
('58122202060', 'Nikorn', 'Nantawong', '0000000000000', '1996-10-10', 2, 2202, 'Bangkok', '0891234567', 's58122202060@ssru.ac.th', 'f2npMhMvRaBPfaaD'),
('58122202061', 'Nopporn', 'Seethongdee', '0000000000000', '1996-12-02', 2, 2202, 'Bangkok', '0891234567', 's58122202061@ssru.ac.th', 'yksHAqYEjxXGnpqr'),
('58122202062', 'Apisit', 'Chanmankong', '0000000000000', '1997-02-21', 2, 2202, 'Bangkok', '0891234567', 's58122202062@ssru.ac.th', 'hhZjMqFZh2GINJwz'),
('58122202063', 'Nuttawat', 'Wongtum', '0000000000000', '1997-02-17', 2, 2202, 'Bangkok', '0891234567', 's58122202063@ssru.ac.th', 'xPDpT7bsoR8uvAaq'),
('58122202064', 'Peerapon', 'Siribanjongsak', '0000000000000', '1995-03-08', 2, 2202, 'Bangkok', '0891234567', 's58122202064@ssru.ac.th', 'Gg8B0rsfqWXLJytn'),
('58122202066', 'Sudarat', 'Pumeethong', '0000000000000', '1996-09-02', 2, 2202, 'Bangkok', '0891234567', 's58122202066@ssru.ac.th', 'z6laP3jYLm2PvQ9w'),
('58122202067', 'Patchaya', 'Kaphet', '0000000000000', '1996-08-09', 2, 2202, 'Bangkok', '0891234567', 's58122202067@ssru.ac.th', '4vrTFia5BuT9QOBd'),
('58122202069', 'Kriangsak', 'Saengbuakaew', '0000000000000', '1996-12-16', 2, 2202, 'Bangkok', '0891234567', 's58122202069@ssru.ac.th', 'bQDRF0hGJq5cbqaZ'),
('58122202070', 'Theeranai', 'Jaruboonyakorn', '0000000000000', '1996-08-06', 2, 2202, 'Bangkok', '0891234567', 's58122202070@ssru.ac.th', 'aAuebE21VQ6GmnyK'),
('58122202071', 'Thanarat', 'Wapakpet', '0000000000000', '1996-08-12', 2, 2202, 'Bangkok', '0891234567', 's58122202071@ssru.ac.th', '0ZqKApvu2rlBUUMf'),
('58122202072', 'Metta', 'Kaewsod', '0000000000000', '1997-04-08', 2, 2202, 'Bangkok', '0891234567', 's58122202072@ssru.ac.th', 'CJcksgT4FUYR40mZ'),
('58122202073', 'Nattawut', 'Suwanpradit', '0000000000000', '1997-04-10', 2, 2202, 'Bangkok', '0891234567', 's58122202073@ssru.ac.th', 'yMGPrEV28Ge6NuUj'),
('58122202074', 'Nattawan', 'Rattanarat', '0000000000000', '1997-02-15', 2, 2202, 'Bangkok', '0891234567', 's58122202074@ssru.ac.th', 'Px5BDvvcZ7CBP45R'),
('58122202075', 'Chaiyaporn', 'Chompradit', '0000000000000', '1997-01-19', 2, 2202, 'Bangkok', '0891234567', 's58122202075@ssru.ac.th', 'NjCWzvgwx16zoKIF'),
('58122202077', 'Watcharapon', 'Chalim', '0000000000000', '1997-03-20', 2, 2202, 'Bangkok', '0891234567', 's58122202077@ssru.ac.th', 'wDcCkdFCTJlDgFzM'),
('58122202078', 'Anuwit', 'Bantao', '0000000000000', '1997-02-26', 2, 2202, 'Bangkok', '0891234567', 's58122202078@ssru.ac.th', 'oYy8U8Rw7lZRfd50'),
('58122202079', 'Anake', 'Pornputthakul', '0000000000000', '1997-04-12', 2, 2202, 'Bangkok', '0891234567', 's58122202079@ssru.ac.th', 'Q33Jsf81yXd9DQY3'),
('58122202081', 'Tanachit', 'Tanongsut', '0000000000000', '1996-05-24', 2, 2202, 'Bangkok', '0891234567', 's58122202081@ssru.ac.th', 'GWtBcZrJFVCwyCbd'),
('58122202083', 'Yontakhet', 'Khaokaew', '0000000000000', '1997-01-11', 2, 2202, 'Bangkok', '0891234567', 's58122202083@ssru.ac.th', 'TYSDY0mbVzREGZN4'),
('58122202086', 'Sanhanut', 'Mitrdee', '0000000000000', '1996-12-26', 2, 2202, 'Bangkok', '0891234567', 's58122202086@ssru.ac.th', 'B7nccmiV2XNnsFPr'),
('58122202088', 'Rattathum', 'Changthong', '0000000000000', '1996-12-10', 2, 2202, 'Bangkok', '0891234567', 's58122202088@ssru.ac.th', 'FkmBDMKbBEpoRKnR'),
('58122202089', 'Phusarat', 'Sittidamrong', '0000000000000', '1994-12-20', 2, 2202, 'Bangkok', '0891234567', 's58122202089@ssru.ac.th', 'ARqF55h5SpdTd9ap'),
('58122202090', 'Kanittha', 'Kasee', '0000000000000', '1995-06-05', 2, 2202, 'Bangkok', '0891234567', 's58122202090@ssru.ac.th', 'GiCoZ49daLOG0AeH'),
('58122202091', 'Autthakorn', 'Nakbunchuao', '0000000000000', '1995-11-13', 2, 2202, 'Bangkok', '0891234567', 's58122202091@ssru.ac.th', 'iYlncKT5DHjon55v'),
('58122202092', 'Nattakrit', 'Rotjanakitti', '0000000000000', '1997-04-18', 2, 2202, 'Bangkok', '0891234567', 's58122202092@ssru.ac.th', '3YjkulPh440XCUwr'),
('58122202093', 'Niwat', 'Rodchueajeen', '0000000000000', '1997-04-11', 2, 2202, 'Bangkok', '0891234567', 's58122202093@ssru.ac.th', 'Q30qeDx3OYpyiy0s'),
('58122202094', 'Chatchon', 'Ampanhom', '0000000000000', '1996-11-05', 2, 2202, 'Bangkok', '0891234567', 's58122202094@ssru.ac.th', 'iQF5Bog4XToimtuL'),
('58122202095', 'Jinnawatt', 'Naksen', '0000000000000', '1996-01-30', 2, 2202, 'Bangkok', '0891234567', 's58122202095@ssru.ac.th', 'DYoAcEDycE26TokN'),
('58122202097', 'Pratipan', 'Jaejan', '0000000000000', '1996-07-15', 2, 2202, 'Bangkok', '0891234567', 's58122202097@ssru.ac.th', 'HD48m3l7sUafNuGk'),
('58122202098', 'Chatchawat', 'Noiha', '0000000000000', '1996-06-27', 2, 2202, 'Bangkok', '0891234567', 's58122202098@ssru.ac.th', 'GauFNEBOYo0z5Wug'),
('58122202099', 'Watthanakrij', 'Amatayakul', '0000000000000', '1995-02-22', 2, 2202, 'Bangkok', '0891234567', 's58122202099@ssru.ac.th', '6XpdtnavAq3kkrIT'),
('58122202100', 'Pannawat', 'Koedaim', '0000000000000', '1996-10-02', 2, 2202, 'Bangkok', '0891234567', 's58122202100@ssru.ac.th', 'PeWmZ0bc6rFyLBCF'),
('58122202101', 'Puttipong', 'Sapsombad', '0000000000000', '1996-12-06', 2, 2202, 'Bangkok', '0891234567', 's58122202101@ssru.ac.th', 'QDp7yMRV0imZm5Jr'),
('58122202102', 'Adinai', 'Nasathit', '0000000000000', '1996-04-13', 2, 2202, 'Bangkok', '0891234567', 's58122202102@ssru.ac.th', 'XMQZPoPPW6Qv14d6'),
('58122202103', 'Natthasit', 'Mansep', '0000000000000', '1996-09-18', 2, 2202, 'Bangkok', '0891234567', 's58122202103@ssru.ac.th', 'UDBUDSH952BG2Ang'),
('58122202104', 'Kittipol', 'Polsongkram', '0000000000000', '1996-11-01', 2, 2202, 'Bangkok', '0891234567', 's58122202104@ssru.ac.th', 'vSgEn8KdmgTrHGFK'),
('58122202107', 'Phuwadon', 'Panglum', '0000000000000', '1997-01-18', 2, 2202, 'Bangkok', '0891234567', 's58122202107@ssru.ac.th', 'veyrwY1jDSTBp15a'),
('58122202109', 'Nattanon', 'Runsewa', '0000000000000', '1993-12-05', 2, 2202, 'Bangkok', '0891234567', 's58122202109@ssru.ac.th', 'FR9F9UcmahoabLQU'),
('58122202112', 'Pakpoom', 'Chimpat', '0000000000000', '1997-04-18', 2, 2202, 'Bangkok', '0891234567', 's58122202112@ssru.ac.th', 'zLAtDoOg512ILo7E'),
('58122202113', 'Worrapod', 'Noppawong', '0000000000000', '1996-09-09', 2, 2202, 'Bangkok', '0891234567', 's58122202113@ssru.ac.th', 'toPtMQoL3UECfBTN'),
('58122202114', 'Kittiphop', 'Poonpalathip', '0000000000000', '1997-02-27', 2, 2202, 'Bangkok', '0891234567', 's58122202114@ssru.ac.th', 'tGaVm8Ei108pVb7k'),
('58122202118', 'Vipasanee', 'Sreeroj', '0000000000000', '1996-09-18', 2, 2202, 'Bangkok', '0891234567', 's58122202118@ssru.ac.th', '4bj3WYwc4Ofijpsy'),
('58122202119', 'Watanyoo', 'Naknuch', '0000000000000', '1996-09-15', 2, 2202, 'Bangkok', '0891234567', 's58122202119@ssru.ac.th', 'VYQ7Tup91EvSNDs2'),
('58122202120', 'Veerapong', 'Sunthamat', '0000000000000', '1997-02-19', 2, 2202, 'Bangkok', '0891234567', 's58122202120@ssru.ac.th', '47waPRCXqTYIq3Vy'),
('58122202121', 'Itthipon', 'Kaewse', '0000000000000', '1996-09-28', 2, 2202, 'Bangkok', '0891234567', 's58122202121@ssru.ac.th', 'KxFHJsW5A7GhikpO'),
('58122202122', 'Marut', 'Inudom', '0000000000000', '1997-01-03', 2, 2202, 'Bangkok', '0891234567', 's58122202122@ssru.ac.th', 'Nm0nQDPHi6IaMTKD'),
('58122202123', 'Natcha', 'Triwattananon', '0000000000000', '1997-01-19', 2, 2202, 'Bangkok', '0891234567', 's58122202123@ssru.ac.th', 'OV3FOfNFjGMaKI49'),
('58122202124', 'Burakorn', 'Suksomya', '0000000000000', '1997-05-03', 2, 2202, 'Bangkok', '0891234567', 's58122202124@ssru.ac.th', 'BsXI2n4YvITOY8eM'),
('58122202125', 'Tanut', 'Pensuk', '0000000000000', '1997-10-10', 2, 2202, 'Bangkok', '0891234567', 's58122202125@ssru.ac.th', 'sZzvVqOSe6k41x9x'),
('58122202126', 'Wachirawit', 'Uttama', '0000000000000', '1996-06-19', 2, 2202, 'Bangkok', '0891234567', 's58122202126@ssru.ac.th', 'cozv4K0n7co0rsSa'),
('58122202127', 'Worapong', 'Promwong', '0000000000000', '1996-08-26', 2, 2202, 'Bangkok', '0891234567', 's58122202127@ssru.ac.th', 'cC7to3NVZxzJGJgC'),
('58122202128', 'Arisa', 'Kongnun', '0000000000000', '1996-10-28', 2, 2202, 'Bangkok', '0891234567', 's58122202128@ssru.ac.th', 'M6Za77RTus2tCjkV'),
('58122202129', 'Wanida', 'Sitthikham', '0000000000000', '1996-09-15', 2, 2202, 'Bangkok', '0891234567', 's58122202129@ssru.ac.th', 'KEAVz10y6XUqlIl6'),
('58122202130', 'Nuttapol', 'Oaksornsom', '0000000000000', '1996-10-01', 2, 2202, 'Bangkok', '0891234567', 's58122202130@ssru.ac.th', 'PC9YC1Vt1YC6FM2w'),
('58122202131', 'Kritchon', 'Chanthajitpreecha', '0000000000000', '1997-01-01', 2, 2202, 'Bangkok', '0891234567', 's58122202131@ssru.ac.th', '5pBqaPpB0bAXeSzH'),
('58122202133', 'Tanaporn', 'Plubnoi', '0000000000000', '1997-04-12', 2, 2202, 'Bangkok', '0891234567', 's58122202133@ssru.ac.th', 'LWx1hzlxXDOnsnJE'),
('58122202134', 'Wachirawit', 'Tubtimsai', '0000000000000', '1996-04-13', 2, 2202, 'Bangkok', '0891234567', 's58122202134@ssru.ac.th', 'CVm74j2N2Lrj0mBq'),
('58122202135', 'Thanachat', 'Pornsawatchai', '0000000000000', '1995-06-30', 2, 2202, 'Bangkok', '0891234567', 's58122202135@ssru.ac.th', 'gqF1Vo5FijCR9SIX'),
('58122202136', 'Jirayus', 'Muhummadtahet', '0000000000000', '1996-07-18', 2, 2202, 'Bangkok', '0891234567', 's58122202136@ssru.ac.th', 'v4PKwxP1GVAHljlV'),
('58122202137', 'Poramin', 'Parakawong Na Ayuttaya', '0000000000000', '1996-09-24', 2, 2202, 'Bangkok', '0891234567', 's58122202137@ssru.ac.th', 'ibzDkANouAEZQ5fX'),
('58122202138', 'Noppawut', 'Mingchua', '0000000000000', '1995-08-23', 2, 2202, 'Bangkok', '0891234567', 's58122202138@ssru.ac.th', 'VMUhwNCamOgH3Pc1'),
('58122202139', 'Apirak', 'Saowichit', '0000000000000', '1996-12-29', 2, 2202, 'Bangkok', '0891234567', 's58122202139@ssru.ac.th', '21isCNrq8lRHAciY'),
('58122202140', 'Komkhuam', 'Seon', '0000000000000', '1995-09-25', 2, 2202, 'Bangkok', '0891234567', 's58122202140@ssru.ac.th', 'cdPXiPUk4dt3dXir');

--
-- Indexes for dumped tables
--

--
-- Indexes for table `tbl_faculty`
--
ALTER TABLE `tbl_faculty`
  ADD PRIMARY KEY (`fac_id`);

--
-- Indexes for table `tbl_major`
--
ALTER TABLE `tbl_major`
  ADD PRIMARY KEY (`maj_facultyid`,`maj_id`);

--
-- Indexes for table `tbl_student`
--
ALTER TABLE `tbl_student`
  ADD PRIMARY KEY (`stu_id`);
